INSERT INTO CLIENT (ID, First_name, Last_name, Sec_last_name, Age, Birth_date, Phone_number, Password)
    VALUES  (1, 'Juan', 'Navarro', 'Navarro', '20', '2001-02-08', '87175508', 'passwordnacho'),
            (2, 'Monica', 'Waterhouse', 'Montoya', '20', '2001-02-08', '871755555', 'passwordmoni'),
            (3, 'Luis', 'Morales', 'Rodriguez', '20', '2001-02-08', '87778899', 'passwordluis'),
            (4, 'Ignacio', 'Granados', 'Marin', '20', '2001-02-08', '87176644', 'passwordnacho');
		

INSERT INTO MOVIE_THEATER (Name, Location, Cinema_amount)
    VALUES  ('Paseo', 'Cartago', 2),
            ('Multiplaza', 'San Jose', 1),
            ('CineMark', 'Heredia', 2);


INSERT INTO  CINEMA (Number, Rows, Columns, Capacity, Name_movie_theater)
    VALUES  (1, 10, 10, 50, 'Paseo'),
            (2, 15, 15, 30, 'Paseo'),
            (3, 10, 15, 20, 'Multiplaza'),
            (4, 20, 15, 100, 'CineMark'),
            (5, 10, 10, 50, 'CineMark'),
			(6, 10, 10, 30, 'Multiplaza'),
			(7, 10, 10, 20, 'Paseo');


INSERT INTO MOVIE (Original_name, Gendre, Director, Image_url, Lenght)
    VALUES ('Titanic', 'Suspense', 'Cameron', 'https://m.media-amazon.com/images/M/MV5BMDdmZGU3NDQtY2E5My00ZTliLWIzOTUtMTY4ZGI1YjdiNjk3XkEyXkFqcGdeQXVyNTA4NzY1MzY@._V1_.jpg', 180),
           ('Minions', 'Comedy', 'Polack', 'https://images.moviesanywhere.com/913f00d3cac979222c7db177dead87ae/a2df1afa-57b8-48a9-bec8-4293d0097236.jpg', 120),
           ('Space Jam', 'Comedy', 'Lee', 'https://c8.alamy.com/compes/2ecg8yh/space-jam-1996-dirigida-por-joe-pytka-y-protagonizada-por-michael-jordan-wayne-knight-y-theresa-randle-accion-en-vivo-pelicula-hibrida-animada-donde-los-personajes-de-dibujos-animados-looney-tunes-inscriben-la-ayuda-de-michael-jordan-para-ganar-un-partido-de-baloncesto-y-su-libertad-2ecg8yh.jpg', 140),
           ('Black Widow', 'Action', 'Shortlan', 'https://images-na.ssl-images-amazon.com/images/I/914MHuDfMSL.jpg', 110),
		   ('Luca', 'Adventure', 'Casarosa', 'https://lumiere-a.akamaihd.net/v1/images/image_2ff75a5c.jpeg?region=0%2C0%2C540%2C810', 100),
		   ('Venom', 'Action', 'Goransson', 'https://es.web.img2.acsta.net/pictures/21/08/31/16/41/4145554.jpg', 120);

INSERT INTO ACTORS(Original_movie_name, Actor_name)
    VALUES  ('Titanic', 'DiCaprio'),
            ('Titanic', 'Winslet'),
            ('Space Jam', 'LeBron'),
            ('Space Jam', 'Zendaya'),
            ('Space Jam', 'Jordan'),
            ('Black Widow', 'Johansson'),
            ('Black Widow', 'Pugh');

INSERT INTO EMPLOYEE(ID, First_name, Last_name, Sec_last_name, Age, Birth_date, Phone_number, Password, Name_movie_theater, Role, Entry_date)
	VALUES (50, 'Carlos', 'Montoya', 'Quiros', '30', '1991-10-10', '85659936', 'passwordcarlos', 'Paseo', 'Gerente', '2005-02-09'),
		   (60, 'Andrea', 'Calderon', 'Martinez', '20', '2001-01-30', '63626566', 'passwordandrea', 'Multiplaza', 'Vendedor', '2020-04-05'),
		   (70, 'Sebastian', 'Portuguez', 'Meza', '40', '1981-03-03', '68554142', 'passwordsebastian', 'CineMark', 'Conserje', '2014-02-02'),
		   (80, 'Andrey', 'Vega', 'Munoz', '50', '1971-10-01', '87855525', 'passwordandrey', 'Paseo', 'Vendedor', '2013-09-08');


INSERT INTO SCREENING(Id, Cinema_number, Movie_original_name, Hour, Capacity)
	VALUES	(1, 1, 'Titanic', 16, 30),
			(2, 1, 'Titanic', 20, 30),
			(3, 7, 'Minions', 22, 30);
			
INSERT INTO SEAT (Screening_id, Row_num, Column_num, State)
	VALUES 	(1, 1, 1, 'free'),
			(1, 1, 2, 'free'),
			(1, 1, 3, 'restricted'),
			(1, 1, 4, 'free'),
			(1, 1, 5, 'free'),
			(1, 1, 6, 'restricted'),
			(1, 1, 7, 'free'),
			(1, 1, 8, 'free'),
			(1, 1, 9, 'restricted'),
			(1, 1, 10, 'free'),
			(1, 2, 1, 'free'),
			(1, 2, 2, 'free'),
			(1, 2, 3, 'restricted'),
			(1, 2, 4, 'free'),
			(1, 2, 5, 'free'),
			(1, 2, 6, 'restricted'),
			(1, 2, 7, 'free'),
			(1, 2, 8, 'free'),
			(1, 2, 9, 'restricted'),
			(1, 2, 10, 'free'),
			(1, 3, 1, 'free'),
			(1, 3, 2, 'free'),
			(1, 3, 3, 'restricted'),
			(1, 3, 4, 'free'),
			(1, 3, 5, 'free'),
			(1, 3, 6, 'restricted'),
			(1, 3, 7, 'free'),
			(1, 3, 8, 'free'),
			(1, 3, 9, 'restricted'),
			(1, 3, 10, 'free'),
			(1, 4, 1, 'free'),
			(1, 4, 2, 'free'),
			(1, 4, 3, 'restricted'),
			(1, 4, 4, 'free'),
			(1, 4, 5, 'free'),
			(1, 4, 6, 'restricted'),
			(1, 4, 7, 'free'),
			(1, 4, 8, 'free'),
			(1, 4, 9, 'restricted'),
			(1, 4, 10, 'free'),
			(1, 5, 1, 'free'),
			(1, 5, 2, 'free'),
			(1, 5, 3, 'restricted'),
			(1, 5, 4, 'free'),
			(1, 5, 5, 'free'),
			(1, 5, 6, 'restricted'),
			(1, 5, 7, 'free'),
			(1, 5, 8, 'free'),
			(1, 5, 9, 'restricted'),
			(1, 5, 10, 'free'),
			(1, 6, 1, 'free'),
			(1, 6, 2, 'free'),
			(1, 6, 3, 'restricted'),
			(1, 6, 4, 'free'),
			(1, 6, 5, 'free'),
			(1, 6, 6, 'restricted'),
			(1, 6, 7, 'free'),
			(1, 6, 8, 'free'),
			(1, 6, 9, 'restricted'),
			(1, 6, 10, 'free'),
			(1, 7, 1, 'free'),
			(1, 7, 2, 'free'),
			(1, 7, 3, 'restricted'),
			(1, 7, 4, 'free'),
			(1, 7, 5, 'free'),
			(1, 7, 6, 'restricted'),
			(1, 7, 7, 'free'),
			(1, 7, 8, 'free'),
			(1, 7, 9, 'restricted'),
			(1, 7, 10, 'free'),
			(1, 8, 1, 'free'),
			(1, 8, 2, 'free'),
			(1, 8, 3, 'restricted'),
			(1, 8, 4, 'free'),
			(1, 8, 5, 'free'),
			(1, 8, 6, 'restricted'),
			(1, 8, 7, 'free'),
			(1, 8, 8, 'free'),
			(1, 8, 9, 'restricted'),
			(1, 8, 10, 'free'),
			(1, 9, 1, 'free'),
			(1, 9, 2, 'free'),
			(1, 9, 3, 'restricted'),
			(1, 9, 4, 'free'),
			(1, 9, 5, 'free'),
			(1, 9, 6, 'restricted'),
			(1, 9, 7, 'free'),
			(1, 9, 8, 'free'),
			(1, 9, 9, 'restricted'),
			(1, 9, 10, 'free'),
			(1, 10, 1, 'free'),
			(1, 10, 2, 'free'),
			(1, 10, 3, 'restricted'),
			(1, 10, 4, 'free'),
			(1, 10, 5, 'free'),
			(1, 10, 6, 'restricted'),
			(1, 10, 7, 'free'),
			(1, 10, 8, 'free'),
			(1, 10, 9, 'restricted'),
			(1, 10, 10, 'free'),
			(2, 1, 1, 'free'),
			(2, 1, 2, 'free'),
			(2, 1, 3, 'restricted'),
			(2, 1, 4, 'free'),
			(2, 1, 5, 'free'),
			(2, 1, 6, 'restricted'),
			(2, 1, 7, 'free'),
			(2, 1, 8, 'free'),
			(2, 1, 9, 'restricted'),
			(2, 1, 10, 'free'),
			(2, 2, 1, 'free'),
			(2, 2, 2, 'free'),
			(2, 2, 3, 'restricted'),
			(2, 2, 4, 'free'),
			(2, 2, 5, 'free'),
			(2, 2, 6, 'restricted'),
			(2, 2, 7, 'free'),
			(2, 2, 8, 'free'),
			(2, 2, 9, 'restricted'),
			(2, 2, 10, 'free'),
			(2, 3, 1, 'free'),
			(2, 3, 2, 'free'),
			(2, 3, 3, 'restricted'),
			(2, 3, 4, 'free'),
			(2, 3, 5, 'free'),
			(2, 3, 6, 'restricted'),
			(2, 3, 7, 'free'),
			(2, 3, 8, 'free'),
			(2, 3, 9, 'restricted'),
			(2, 3, 10, 'free'),
			(2, 4, 1, 'free'),
			(2, 4, 2, 'free'),
			(2, 4, 3, 'restricted'),
			(2, 4, 4, 'free'),
			(2, 4, 5, 'free'),
			(2, 4, 6, 'restricted'),
			(2, 4, 7, 'free'),
			(2, 4, 8, 'free'),
			(2, 4, 9, 'restricted'),
			(2, 4, 10, 'free'),
			(2, 5, 1, 'free'),
			(2, 5, 2, 'free'),
			(2, 5, 3, 'restricted'),
			(2, 5, 4, 'free'),
			(2, 5, 5, 'free'),
			(2, 5, 6, 'restricted'),
			(2, 5, 7, 'free'),
			(2, 5, 8, 'free'),
			(2, 5, 9, 'restricted'),
			(2, 5, 10, 'free'),
			(2, 6, 1, 'free'),
			(2, 6, 2, 'free'),
			(2, 6, 3, 'restricted'),
			(2, 6, 4, 'free'),
			(2, 6, 5, 'free'),
			(2, 6, 6, 'restricted'),
			(2, 6, 7, 'free'),
			(2, 6, 8, 'free'),
			(2, 6, 9, 'restricted'),
			(2, 6, 10, 'free'),
			(2, 7, 1, 'free'),
			(2, 7, 2, 'free'),
			(2, 7, 3, 'restricted'),
			(2, 7, 4, 'free'),
			(2, 7, 5, 'free'),
			(2, 7, 6, 'restricted'),
			(2, 7, 7, 'free'),
			(2, 7, 8, 'free'),
			(2, 7, 9, 'restricted'),
			(2, 7, 10, 'free'),
			(2, 8, 1, 'free'),
			(2, 8, 2, 'free'),
			(2, 8, 3, 'restricted'),
			(2, 8, 4, 'free'),
			(2, 8, 5, 'free'),
			(2, 8, 6, 'restricted'),
			(2, 8, 7, 'free'),
			(2, 8, 8, 'free'),
			(2, 8, 9, 'restricted'),
			(2, 8, 10, 'free'),
			(2, 9, 1, 'free'),
			(2, 9, 2, 'free'),
			(2, 9, 3, 'restricted'),
			(2, 9, 4, 'free'),
			(2, 9, 5, 'free'),
			(2, 9, 6, 'restricted'),
			(2, 9, 7, 'free'),
			(2, 9, 8, 'free'),
			(2, 9, 9, 'restricted'),
			(2, 9, 10, 'free'),
			(2, 10, 1, 'free'),
			(2, 10, 2, 'free'),
			(2, 10, 3, 'restricted'),
			(2, 10, 4, 'free'),
			(2, 10, 5, 'free'),
			(2, 10, 6, 'restricted'),
			(2, 10, 7, 'free'),
			(2, 10, 8, 'free'),
			(2, 10, 9, 'restricted'),
			(2, 10, 10, 'free'),
			(3, 1, 1, 'free'),
			(3, 1, 2, 'free'),
			(3, 1, 3, 'restricted'),
			(3, 1, 4, 'free'),
			(3, 1, 5, 'free'),
			(3, 1, 6, 'restricted'),
			(3, 1, 7, 'free'),
			(3, 1, 8, 'free'),
			(3, 1, 9, 'restricted'),
			(3, 1, 10, 'free'),
			(3, 2, 1, 'free'),
			(3, 2, 2, 'free'),
			(3, 2, 3, 'restricted'),
			(3, 2, 4, 'free'),
			(3, 2, 5, 'free'),
			(3, 2, 6, 'restricted'),
			(3, 2, 7, 'free'),
			(3, 2, 8, 'free'),
			(3, 2, 9, 'restricted'),
			(3, 2, 10, 'free'),
			(3, 3, 1, 'free'),
			(3, 3, 2, 'free'),
			(3, 3, 3, 'restricted'),
			(3, 3, 4, 'free'),
			(3, 3, 5, 'free'),
			(3, 3, 6, 'restricted'),
			(3, 3, 7, 'free'),
			(3, 3, 8, 'free'),
			(3, 3, 9, 'restricted'),
			(3, 3, 10, 'free'),
			(3, 4, 1, 'free'),
			(3, 4, 2, 'free'),
			(3, 4, 3, 'restricted'),
			(3, 4, 4, 'free'),
			(3, 4, 5, 'free'),
			(3, 4, 6, 'restricted'),
			(3, 4, 7, 'free'),
			(3, 4, 8, 'free'),
			(3, 4, 9, 'restricted'),
			(3, 4, 10, 'free'),
			(3, 5, 1, 'free'),
			(3, 5, 2, 'free'),
			(3, 5, 3, 'restricted'),
			(3, 5, 4, 'free'),
			(3, 5, 5, 'free'),
			(3, 5, 6, 'restricted'),
			(3, 5, 7, 'free'),
			(3, 5, 8, 'free'),
			(3, 5, 9, 'restricted'),
			(3, 5, 10, 'free'),
			(3, 6, 1, 'free'),
			(3, 6, 2, 'free'),
			(3, 6, 3, 'restricted'),
			(3, 6, 4, 'free'),
			(3, 6, 5, 'free'),
			(3, 6, 6, 'restricted'),
			(3, 6, 7, 'free'),
			(3, 6, 8, 'free'),
			(3, 6, 9, 'restricted'),
			(3, 6, 10, 'free'),
			(3, 7, 1, 'free'),
			(3, 7, 2, 'free'),
			(3, 7, 3, 'restricted'),
			(3, 7, 4, 'free'),
			(3, 7, 5, 'free'),
			(3, 7, 6, 'restricted'),
			(3, 7, 7, 'free'),
			(3, 7, 8, 'free'),
			(3, 7, 9, 'restricted'),
			(3, 7, 10, 'free'),
			(3, 8, 1, 'free'),
			(3, 8, 2, 'free'),
			(3, 8, 3, 'restricted'),
			(3, 8, 4, 'free'),
			(3, 8, 5, 'free'),
			(3, 8, 6, 'restricted'),
			(3, 8, 7, 'free'),
			(3, 8, 8, 'free'),
			(3, 8, 9, 'restricted'),
			(3, 8, 10, 'free'),
			(3, 9, 1, 'free'),
			(3, 9, 2, 'free'),
			(3, 9, 3, 'restricted'),
			(3, 9, 4, 'free'),
			(3, 9, 5, 'free'),
			(3, 9, 6, 'restricted'),
			(3, 9, 7, 'free'),
			(3, 9, 8, 'free'),
			(3, 9, 9, 'restricted'),
			(3, 9, 10, 'free'),
			(3, 10, 1, 'free'),
			(3, 10, 2, 'free'),
			(3, 10, 3, 'restricted'),
			(3, 10, 4, 'free'),
			(3, 10, 5, 'free'),
			(3, 10, 6, 'restricted'),
			(3, 10, 7, 'free'),
			(3, 10, 8, 'free'),
			(3, 10, 9, 'restricted'),
			(3, 10, 10, 'free');
			

